well_id,PEA2PbI4_pct,BDAPbI4_pct,FAPbI3_pct,I_0,I_189,I_max_to_189,PL_retention_189_over_Imax,PL_189_over_I0,PL_I0_minus_I189
A1,100,0,0,88715.0,99038.0,99755.0,0.9928123903563731,1.1163613819534464,-10323.0
B1,92,8,0,96355.0,99032.0,99592.0,0.994377058398265,1.027782678636293,-2677.0
C1,92,0,8,98369.0,98929.0,99646.0,0.9928045280292235,1.0056928503898586,-560.0
D1,84,16,0,96507.0,98660.0,99238.0,0.994175618210766,1.022309262540541,-2153.0
E1,84,8,8,99337.0,91625.0,99895.0,0.9172130737274138,0.9223652818184563,7712.0
F1,84,0,16,98364.0,94258.0,99882.0,0.9436935583989107,0.9582570859257452,4106.0
G1,76,24,0,93935.0,99928.0,99928.0,1.0,1.0637994357800606,-5993.0
H1,76,16,8,91830.0,99569.0,99569.0,1.0,1.0842752912991398,-7739.0
A2,76,8,16,97464.0,98745.0,99886.0,0.9885769777546403,1.0131433144545678,-1281.0
B2,76,0,24,98925.0,98953.0,99993.0,0.9895992719490364,1.0002830427091232,-28.0
C2,68,32,0,96250.0,96690.0,99795.0,0.9688862167443258,1.0045714285714287,-440.0
D2,68,24,8,99055.0,96749.0,99824.0,0.9691957845808623,0.9767200040381606,2306.0
E2,68,16,16,99794.0,99287.0,99942.0,0.9934461987953013,0.9949195342405355,507.0
F2,68,8,24,98268.0,94210.0,99905.0,0.9429958460537511,0.9587047665567632,4058.0
G2,68,0,32,90108.0,96329.0,99966.0,0.963617629994198,1.0690393749722555,-6221.0
H2,60,40,0,95331.0,92036.0,99984.0,0.9205072811649864,0.9654362169703454,3295.0
A3,60,32,8,96963.0,88436.0,99911.0,0.8851477815255577,0.9120592390911997,8527.0
B3,60,24,16,95645.0,99440.0,99955.0,0.9948476814566555,1.0396779758481887,-3795.0
C3,60,16,24,92894.0,97638.0,99879.0,0.9775628510497703,1.0510689603203651,-4744.0
D3,60,8,32,90868.0,89546.0,94459.0,0.9479880159645984,0.9854514240436677,1322.0
E3,60,0,40,65372.0,75751.0,77429.0,0.9783285332369009,1.1587682799975525,-10379.0
F3,52,48,0,96507.0,99682.0,99796.0,0.998857669646078,1.0328991679360047,-3175.0
G3,52,40,8,97857.0,95344.0,99880.0,0.9545855026031238,0.9743196705396651,2513.0
H3,52,32,16,97473.0,96907.0,99887.0,0.970166287905333,0.9941932637756097,566.0
A4,52,24,24,77212.0,71958.0,77212.0,0.9319535823447133,0.9319535823447133,5254.0
B4,52,16,32,39378.0,38347.0,39958.0,0.9596826668001401,0.9738178678449896,1031.0
C4,52,8,40,54660.0,51385.0,54660.0,0.940084156604464,0.940084156604464,3275.0
D4,52,0,48,36774.0,50473.0,66412.0,0.759998193097633,1.3725186272910208,-13699.0
E4,44,56,0,98045.0,96814.0,99843.0,0.9696623699207756,0.9874445407720944,1231.0
F4,44,48,8,80378.0,86381.0,99837.0,0.8652203091038393,1.0746846151932121,-6003.0
G4,44,40,16,99247.0,95900.0,99869.0,0.9602579378986472,0.966276058722178,3347.0
H4,44,32,24,60960.0,62906.0,64543.0,0.9746370636629844,1.0319225721784777,-1946.0
A5,44,24,32,18876.0,17444.0,18876.0,0.924136469591015,0.924136469591015,1432.0
B5,44,16,40,24457.0,24219.0,45549.0,0.5317131001778305,0.9902686347466982,238.0
C5,44,8,48,24838.0,36177.0,55356.0,0.6535334923043572,1.4565182381834285,-11339.0
D5,44,0,56,31366.0,56767.0,76899.0,0.7382020572439173,1.8098259261620864,-25401.0
E5,36,64,0,71701.0,91607.0,99182.0,0.9236252545824847,1.2776251377247179,-19906.0
F5,36,56,8,57998.0,67613.0,99016.0,0.6828492364870324,1.1657815786751267,-9615.0
G5,36,48,16,28253.0,30872.0,37643.0,0.8201259198257312,1.0926981205535695,-2619.0
H5,36,40,24,10629.0,14286.0,43889.0,0.3255029734101939,1.344058707310189,-3657.0
A6,36,32,32,19802.0,19209.0,24154.0,0.7952720046369132,0.9700535299464701,593.0
B6,36,24,40,17838.0,23176.0,53482.0,0.4333420590105082,1.299248794707927,-5338.0
C6,36,16,48,22225.0,37110.0,56247.0,0.659768520987786,1.6697412823397075,-14885.0
D6,36,8,56,22232.0,37095.0,62282.0,0.5955974438842683,1.668540842029507,-14863.0
E6,36,0,64,19180.0,42192.0,58403.0,0.7224286423642621,2.199791449426486,-23012.0
F6,28,72,0,63375.0,80449.0,88438.0,0.9096655283927724,1.2694122287968441,-17074.0
G6,28,64,8,30262.0,28094.0,36898.0,0.7613962816412814,0.9283589980834049,2168.0
H6,28,56,16,7315.0,10063.0,18281.0,0.5504622285432963,1.3756664388243336,-2748.0
A7,28,48,24,4746.0,7702.0,42953.0,0.1793122715526273,1.6228402865571008,-2956.0
B7,28,40,32,19740.0,25881.0,61374.0,0.4216932251441979,1.311094224924012,-6141.0
C7,28,32,40,16732.0,30306.0,53690.0,0.5644626559880798,1.8112598613435333,-13574.0
D7,28,24,48,15361.0,31496.0,50738.0,0.6207576175647443,2.050387344573921,-16135.0
E7,28,16,56,11240.0,28989.0,52527.0,0.5518876006625164,2.5790925266903915,-17749.0
F7,28,8,64,15672.0,30390.0,50557.0,0.6011037047293154,1.939127105666156,-14718.0
G7,28,0,72,26061.0,44906.0,63608.0,0.7059803798264369,1.7231111622731283,-18845.0
H7,20,80,0,44858.0,55297.0,59241.0,0.9334244864198781,1.2327121137812653,-10439.0
A8,20,72,8,14544.0,6375.0,16451.0,0.3875144368123518,0.4383250825082508,8169.0
B8,20,64,16,5071.0,12543.0,37886.0,0.33107216386000105,2.4734766318280417,-7472.0
C8,20,56,24,3045.0,12779.0,39547.0,0.32313449819202467,4.196715927750411,-9734.0
D8,20,48,32,4613.0,16636.0,62699.0,0.26533118550535095,3.606329937134186,-12023.0
E8,20,40,40,6370.0,17150.0,61258.0,0.27996343334748114,2.6923076923076925,-10780.0
F8,20,32,48,6626.0,18089.0,40191.0,0.45007588763653555,2.730003018412315,-11463.0
G8,20,24,56,13866.0,27225.0,59771.0,0.4554884475749109,1.9634357421029858,-13359.0
H8,20,16,64,15115.0,9650.0,32512.0,0.2968134842519685,0.6384386371154482,5465.0
A9,20,8,72,7148.0,6177.0,39875.0,0.1549090909090909,0.8641578063794069,971.0
B9,20,0,80,17031.0,30587.0,52329.0,0.5845133673488888,1.7959603076742412,-13556.0
C9,12,88,0,23514.0,28482.0,31823.0,0.8950130408823807,1.21127838734371,-4968.0
D9,12,80,8,7642.0,8719.0,18787.0,0.4640975142385692,1.1409316932740121,-1077.0
E9,12,72,16,10829.0,22485.0,58130.0,0.386805436091519,2.0763690091421183,-11656.0
F9,12,64,24,1638.0,6698.0,16749.0,0.39990447190877065,4.089133089133089,-5060.0
G9,12,56,32,5480.0,12388.0,47334.0,0.26171462373769383,2.2605839416058395,-6908.0
H9,12,48,40,32749.0,30433.0,35564.0,0.8557248903385446,0.9292802833674311,2316.0
A10,12,40,48,3664.0,4215.0,46061.0,0.09150908577755584,1.150382096069869,-551.0
B10,12,32,56,3812.0,6046.0,32311.0,0.1871189378230324,1.5860440713536201,-2234.0
C10,12,24,64,6199.0,9164.0,37244.0,0.24605305552572226,1.4783029520890467,-2965.0
D10,12,16,72,6332.0,12153.0,39122.0,0.31064362762639947,1.9192987997473152,-5821.0
E10,12,8,80,5330.0,10334.0,36928.0,0.27984185441941073,1.9388367729831144,-5004.0
F10,12,0,88,10085.0,19565.0,43533.0,0.4494291686766361,1.9400099157164106,-9480.0
G10,4,96,0,20336.0,20814.0,23956.0,0.8688428786107865,1.0235051140833988,-478.0
H10,4,88,8,18749.0,11703.0,22794.0,0.513424585417215,0.6241932903088164,7046.0
A11,4,80,16,12366.0,11524.0,38722.0,0.2976085945973865,0.9319100760148795,842.0
B11,4,72,24,2376.0,4485.0,17285.0,0.25947353196413075,1.8876262626262625,-2109.0
C11,4,64,32,1906.0,4055.0,15916.0,0.2547750691128424,2.127492130115425,-2149.0
D11,4,56,40,3695.0,8943.0,55512.0,0.16110030263726763,2.420297699594046,-5248.0
E11,4,48,48,4970.0,9224.0,40125.0,0.2298816199376947,1.8559356136820926,-4254.0
F11,4,40,56,4969.0,8387.0,43563.0,0.1925257672795721,1.6878647615214328,-3418.0
G11,4,32,64,5752.0,7012.0,42572.0,0.16470919853424787,1.2190542420027817,-1260.0
H11,4,24,72,2675.0,3389.0,15401.0,0.22005064606194402,1.2669158878504674,-714.0
A12,4,16,80,2779.0,1697.0,16472.0,0.10302331228751821,0.6106513134220943,1082.0
B12,4,8,88,1883.0,1765.0,15505.0,0.11383424701709126,0.9373340414232607,118.0
C12,4,0,96,3372.0,2761.0,14837.0,0.18608883197411877,0.8188018979833926,611.0
D12,4,32,64,4664.0,7443.0,42684.0,0.1743744728703964,1.5958404802744426,-2779.0
E12,4,24,72,4012.0,7174.0,31285.0,0.2293111714879335,1.7881355932203389,-3162.0
F12,4,16,80,5117.0,6985.0,42512.0,0.16430654873917952,1.3650576509673638,-1868.0
G12,4,8,88,4489.0,5862.0,43526.0,0.1346781234204843,1.305858765872132,-1373.0
H12,4,0,96,5059.0,3345.0,27173.0,0.12310013616457513,0.6611978651907492,1714.0
